category,name,size
Drinks,Coca Cola Original 330ML,330ML X 24
Drinks,Diet Coke 330ML,330ML X 24
Drinks,Coca Cola Zero 330ML,330ML X 24
Drinks,Sprite 330ML,330ML X 24
Drinks,Fanta 330ML,330ML X 24
Drinks,7UP 330ML,330ML X 24
Drinks,Mirinda Orange 330ML,330ML X 24
Drinks,Mirinda Strawberry 330ML,330ML X 24
Drinks,Pepsi 330ML,330ML X 24
Drinks,Diet Pepsi 330ML,330ML X 24
Drinks,Avant Water 500ML,500ML X 24
Drinks,Evian Water 500ML,500ML X 24
Drinks,Evian Water 1.5L,1.5L X 6
Drinks,Nurture 1.5L,1.5L X 6
Drinks,Coca Cola Original 1.75L,1.75L X 6
Drinks,Mirinda Orange 2.25L,2.25L X 6
Drinks,Thums Up Tins 330ML,330ML X 24
Drinks,Thums Up Glass Bottle 330ML,330ML X 24
Drinks,Limca Tins 330ML,330ML X 24
Drinks,Limca Glass Bottle 330ML,330ML X 24
Drinks,Kashmir Jeera Soda 330ML,330ML X 24
